,batch_size,node_size,learning_rate,epochs,loss,accuracy
0,1,1,0.001,1,3.9169889871476746,0.33702031602708804
1,1,1,0.001,100,3.9169889871476746,0.32020316027088036
2,1,1,0.001,200,3.9169889871476746,0.32878103837471784
3,1,1,0.001,400,3.9169889871476746,0.34627539503386
4,1,1,0.001,800,3.9169889871476746,0.33860045146726864
5,1,1,0.001,1600,3.9169889871476746,0.3304740406320542
6,1,1,0.005,1,3.9169889871476746,0.33453724604966145
7,1,1,0.005,100,3.9169889871476746,0.3276523702031603
8,1,1,0.005,200,3.9169889871476746,0.33927765237020313
9,1,1,0.005,400,3.9169889871476746,0.3321670428893905
10,1,1,0.005,800,3.9169889871476746,0.3890519187358916
11,1,1,0.005,1600,3.9169889871476746,0.39537246049661395
12,1,1,0.01,1,3.9169889871476746,0.31873589164785554
13,1,1,0.01,100,3.9169889871476746,0.3451467268623025
14,1,1,0.01,200,3.9169889871476746,0.3291196388261851
15,1,1,0.01,400,3.9169889871476746,0.373589164785553
16,1,1,0.01,800,3.9169889871476746,0.3930022573363431
17,1,1,0.01,1600,3.9169889871476746,0.5006772009029345
18,1,1,0.05,1,3.9169889871476746,0.3492099322799097
19,1,1,0.05,100,3.9169889871476746,0.3372460496613995
20,1,1,0.05,200,3.9169889871476746,0.37257336343115127
21,1,1,0.05,400,3.9169889871476746,0.4251693002257336
22,1,1,0.05,800,3.9169889871476746,0.5945823927765236
23,1,1,0.05,1600,3.9169889871476746,0.7486455981941308
24,1,1,0.1,1,3.9169889871476746,0.34808126410835216
25,1,1,0.1,100,3.9169889871476746,0.3205417607223477
26,1,1,0.1,200,3.9169889871476746,0.3980812641083521
27,1,1,0.1,400,3.9169889871476746,0.5129796839729119
28,1,1,0.1,800,3.9169889871476746,0.6376975169300225
29,1,1,0.1,1600,3.9169889871476746,0.8367945823927766
30,1,4,0.001,1,3.9169889871476746,0.321783295711061
31,1,4,0.001,100,3.9169889871476746,0.3497742663656885
32,1,4,0.001,200,3.9169889871476746,0.32471783295711065
33,1,4,0.001,400,3.9169889871476746,0.3279909706546275
34,1,4,0.001,800,3.9169889871476746,0.3658013544018059
35,1,4,0.001,1600,3.9169889871476746,0.3926636568848758
36,1,4,0.005,1,3.9169889871476746,0.3463882618510158
37,1,4,0.005,100,3.9169889871476746,0.3282167042889391
38,1,4,0.005,200,3.9169889871476746,0.345372460496614
39,1,4,0.005,400,3.9169889871476746,0.3415349887133182
40,1,4,0.005,800,3.9169889871476746,0.35948081264108356
41,1,4,0.005,1600,3.9169889871476746,0.43431151241534993
42,1,4,0.01,1,3.9169889871476746,0.33747178329571104
43,1,4,0.01,100,3.9169889871476746,0.33487584650112867
44,1,4,0.01,200,3.9169889871476746,0.35428893905191877
45,1,4,0.01,400,3.9169889871476746,0.3916478555304741
46,1,4,0.01,800,3.9169889871476746,0.43724604966139946
47,1,4,0.01,1600,3.9169889871476746,0.5847629796839728
48,1,4,0.05,1,3.9169889871476746,0.3448081264108352
49,1,4,0.05,100,3.9169889871476746,0.3205417607223477
50,1,4,0.05,200,3.9169889871476746,0.42934537246049664
51,1,4,0.05,400,3.9169889871476746,0.5003386004514672
52,1,4,0.05,800,3.9169889871476746,0.72313769751693
53,1,4,0.05,1600,3.9169889871476746,0.9214446952595937
54,1,4,0.1,1,3.9169889871476746,0.34729119638826184
55,1,4,0.1,100,3.9169889871476746,0.3205417607223477
56,1,4,0.1,200,3.9169889871476746,0.37189616252821667
57,1,4,0.1,400,3.9169889871476746,0.5525959367945823
58,1,4,0.1,800,3.9169889871476746,0.6841986455981941
59,1,4,0.1,1600,3.9169889871476746,0.9268623024830701
60,1,8,0.001,1,3.9169889871476746,0.33871331828442436
61,1,8,0.001,100,3.9169889871476746,0.3191873589164786
62,1,8,0.001,200,3.9169889871476746,0.34356659142212187
63,1,8,0.001,400,3.9169889871476746,0.33893905191873586
64,1,8,0.001,800,3.9169889871476746,0.34887133182844243
65,1,8,0.001,1600,3.9169889871476746,0.35237020316027085
66,1,8,0.005,1,3.9169889871476746,0.3391647855530474
67,1,8,0.005,100,3.9169889871476746,0.38329571106094806
68,1,8,0.005,200,3.9169889871476746,0.36320541760722347
69,1,8,0.005,400,3.9169889871476746,0.36004514672686233
70,1,8,0.005,800,3.9169889871476746,0.39966139954853275
71,1,8,0.005,1600,3.9169889871476746,0.46444695259593677
72,1,8,0.01,1,3.9169889871476746,0.32810383747178334
73,1,8,0.01,100,3.9169889871476746,0.3386004514672686
74,1,8,0.01,200,3.9169889871476746,0.3399548532731377
75,1,8,0.01,400,3.9169889871476746,0.40259593679458244
76,1,8,0.01,800,3.9169889871476746,0.4322799097065463
77,1,8,0.01,1600,3.9169889871476746,0.5419864559819412
78,1,8,0.05,1,3.9169889871476746,0.3428893905191873
79,1,8,0.05,100,3.9169889871476746,0.3205417607223477
80,1,8,0.05,200,3.9169889871476746,0.4437923250564334
81,1,8,0.05,400,3.9169889871476746,0.5151241534988713
82,1,8,0.05,800,3.9169889871476746,0.7633182844243793
83,1,8,0.05,1600,3.9169889871476746,0.9300225733634312
84,1,8,0.1,1,3.9169889871476746,0.3266365688487584
85,1,8,0.1,100,3.9169889871476746,0.3205417607223477
86,1,8,0.1,200,3.9169889871476746,0.390744920993228
87,1,8,0.1,400,3.9169889871476746,0.571783295711061
88,1,8,0.1,800,3.9169889871476746,0.6835214446952596
89,1,8,0.1,1600,3.9169889871476746,0.9320541760722346
90,1,16,0.001,1,3.9169889871476746,0.3076749435665914
91,1,16,0.001,100,3.9169889871476746,0.3615124153498871
92,1,16,0.001,200,3.9169889871476746,0.33453724604966134
93,1,16,0.001,400,3.9169889871476746,0.3503386004514673
94,1,16,0.001,800,3.9169889871476746,0.3770880361173815
95,1,16,0.001,1600,3.9169889871476746,0.3426636568848758
96,1,16,0.005,1,3.9169889871476746,0.3218961625282167
97,1,16,0.005,100,3.9169889871476746,0.34164785553047405
98,1,16,0.005,200,3.9169889871476746,0.34706546275395034
99,1,16,0.005,400,3.9169889871476746,0.3547404063205418
100,1,16,0.005,800,3.9169889871476746,0.39288939051918736
101,1,16,0.005,1600,3.9169889871476746,0.4785553047404063
102,1,16,0.01,1,3.9169889871476746,0.3301354401805869
103,1,16,0.01,100,3.9169889871476746,0.33758465011286676
104,1,16,0.01,200,3.9169889871476746,0.3612866817155756
105,1,16,0.01,400,3.9169889871476746,0.3844243792325056
106,1,16,0.01,800,3.9169889871476746,0.48803611738148983
107,1,16,0.01,1600,3.9169889871476746,0.5814898419864559
108,1,16,0.05,1,3.9169889871476746,0.33837471783295714
109,1,16,0.05,100,3.9169889871476746,0.3205417607223477
110,1,16,0.05,200,3.9169889871476746,0.45304740406320543
111,1,16,0.05,400,3.9169889871476746,0.5672686230248308
112,1,16,0.05,800,3.9169889871476746,0.8006772009029346
113,1,16,0.05,1600,3.9169889871476746,0.924492099322799
114,1,16,0.1,1,3.9169889871476746,0.355079006772009
115,1,16,0.1,100,3.9169889871476746,0.3205417607223477
116,1,16,0.1,200,3.9169889871476746,0.38306997742663657
117,1,16,0.1,400,3.9169889871476746,0.5950338600451467
118,1,16,0.1,800,3.9169889871476746,0.682392776523702
119,1,16,0.1,1600,3.9169889871476746,0.9291196388261851
120,1,32,0.001,1,3.9169889871476746,0.3293453724604966
121,1,32,0.001,100,3.9169889871476746,0.3397291196388262
122,1,32,0.001,200,3.9169889871476746,0.3652370203160271
123,1,32,0.001,400,3.9169889871476746,0.3425507900677201
124,1,32,0.001,800,3.9169889871476746,0.34187358916478555
125,1,32,0.001,1600,3.9169889871476746,0.3904063205417607
126,1,32,0.005,1,3.9169889871476746,0.3303611738148985
127,1,32,0.005,100,3.9169889871476746,0.3479683972911964
128,1,32,0.005,200,3.9169889871476746,0.35959367945823933
129,1,32,0.005,400,3.9169889871476746,0.39187358916478554
130,1,32,0.005,800,3.9169889871476746,0.42325056433408575
131,1,32,0.005,1600,3.9169889871476746,0.5118510158013544
132,1,32,0.01,1,3.9169889871476746,0.32731376975169296
133,1,32,0.01,100,3.9169889871476746,0.34548532731376974
134,1,32,0.01,200,3.9169889871476746,0.3638826185101581
135,1,32,0.01,400,3.9169889871476746,0.4010158013544018
136,1,32,0.01,800,3.9169889871476746,0.46930022573363434
137,1,32,0.01,1600,3.9169889871476746,0.6495485327313768
138,1,32,0.05,1,3.9169889871476746,0.34808126410835216
139,1,32,0.05,100,3.9169889871476746,0.3205417607223477
140,1,32,0.05,200,3.9169889871476746,0.4186230248306998
141,1,32,0.05,400,3.9169889871476746,0.6262979683972911
142,1,32,0.05,800,3.9169889871476746,0.8177200902934537
143,1,32,0.05,1600,3.9169889871476746,0.9322799097065463
144,1,32,0.1,1,3.9169889871476746,0.35180586907449213
145,1,32,0.1,100,3.9169889871476746,0.3205417607223477
146,1,32,0.1,200,3.9169889871476746,0.39458239277652374
147,1,32,0.1,400,3.9169889871476746,0.6001128668171558
148,1,32,0.1,800,3.9169889871476746,0.6984198645598194
149,1,32,0.1,1600,3.9169889871476746,0.9373589164785555
150,1,64,0.001,1,3.9169889871476746,0.3426636568848759
151,1,64,0.001,100,3.9169889871476746,0.32923250564334083
152,1,64,0.001,200,3.9169889871476746,0.3445823927765237
153,1,64,0.001,400,3.9169889871476746,0.3437923250564334
154,1,64,0.001,800,3.9169889871476746,0.34525959367945824
155,1,64,0.001,1600,3.9169889871476746,0.39051918735891644
156,1,64,0.005,1,3.9169889871476746,0.32957110609480816
157,1,64,0.005,100,3.9169889871476746,0.33081264108352143
158,1,64,0.005,200,3.9169889871476746,0.3742663656884876
159,1,64,0.005,400,3.9169889871476746,0.3923250564334086
160,1,64,0.005,800,3.9169889871476746,0.4673814898419864
161,1,64,0.005,1600,3.9169889871476746,0.5230248306997742
162,1,64,0.01,1,3.9169889871476746,0.3442437923250565
163,1,64,0.01,100,3.9169889871476746,0.3312641083521445
164,1,64,0.01,200,3.9169889871476746,0.4084650112866817
165,1,64,0.01,400,3.9169889871476746,0.45180586907449205
166,1,64,0.01,800,3.9169889871476746,0.5273137697516931
167,1,64,0.01,1600,3.9169889871476746,0.6725733634311513
168,1,64,0.05,1,3.9169889871476746,0.33893905191873586
169,1,64,0.05,100,3.9169889871476746,0.3205417607223477
170,1,64,0.05,200,3.9169889871476746,0.41941309255079007
171,1,64,0.05,400,3.9169889871476746,0.6751693002257335
172,1,64,0.05,800,3.9169889871476746,0.8372460496613996
173,1,64,0.05,1600,3.9169889871476746,0.9405191873589166
174,1,64,0.1,1,3.9169889871476746,0.360158013544018
175,1,64,0.1,100,3.9169889871476746,0.3205417607223477
176,1,64,0.1,200,3.9169889871476746,0.41997742663656884
177,1,64,0.1,400,3.9169889871476746,0.6117381489841986
178,1,64,0.1,800,3.9169889871476746,0.7095936794582394
179,1,64,0.1,1600,3.9169889871476746,0.9469525959367946
180,4,1,0.001,1,3.91632395714253,0.33318284424379235
181,4,1,0.001,100,3.91632395714253,0.32200902934537246
182,4,1,0.001,200,3.91632395714253,0.32945823927765233
183,4,1,0.001,400,3.91632395714253,0.3560948081264108
184,4,1,0.001,800,3.91632395714253,0.3405191873589165
185,4,1,0.001,1600,3.91632395714253,0.3598194130925507
186,4,1,0.005,1,3.91632395714253,0.3309255079006772
187,4,1,0.005,100,3.91632395714253,0.3474040632054176
188,4,1,0.005,200,3.91632395714253,0.34232505643340855
189,4,1,0.005,400,3.91632395714253,0.37652370203160274
190,4,1,0.005,800,3.91632395714253,0.3593679458239277
191,4,1,0.005,1600,3.91632395714253,0.3713318284424379
192,4,1,0.01,1,3.91632395714253,0.34706546275395034
193,4,1,0.01,100,3.91632395714253,0.34898419864559826
194,4,1,0.01,200,3.91632395714253,0.3808126410835214
195,4,1,0.01,400,3.91632395714253,0.3580135440180587
196,4,1,0.01,800,3.91632395714253,0.38487584650112866
197,4,1,0.01,1600,3.91632395714253,0.3906320541760723
198,4,1,0.05,1,3.91632395714253,0.3234762979683973
199,4,1,0.05,100,3.91632395714253,0.3899548532731376
200,4,1,0.05,200,3.91632395714253,0.4409706546275395
201,4,1,0.05,400,3.91632395714253,0.4680586907449209
202,4,1,0.05,800,3.91632395714253,0.5160270880361174
203,4,1,0.05,1600,3.91632395714253,0.522234762979684
204,4,1,0.1,1,3.91632395714253,0.317607223476298
205,4,1,0.1,100,3.91632395714253,0.37866817155756205
206,4,1,0.1,200,3.91632395714253,0.47663656884875855
207,4,1,0.1,400,3.91632395714253,0.6162528216704288
208,4,1,0.1,800,3.91632395714253,0.6822799097065463
209,4,1,0.1,1600,3.91632395714253,0.6739277652370202
210,4,4,0.001,1,3.91632395714253,0.33837471783295714
211,4,4,0.001,100,3.91632395714253,0.3138826185101581
212,4,4,0.001,200,3.91632395714253,0.33837471783295714
213,4,4,0.001,400,3.91632395714253,0.3426636568848759
214,4,4,0.001,800,3.91632395714253,0.34029345372460496
215,4,4,0.001,1600,3.91632395714253,0.32674943566591425
216,4,4,0.005,1,3.91632395714253,0.33623024830699777
217,4,4,0.005,100,3.91632395714253,0.33115124153498876
218,4,4,0.005,200,3.91632395714253,0.336117381489842
219,4,4,0.005,400,3.91632395714253,0.38690744920993225
220,4,4,0.005,800,3.91632395714253,0.3611738148984199
221,4,4,0.005,1600,3.91632395714253,0.37144469525959367
222,4,4,0.01,1,3.91632395714253,0.322686230248307
223,4,4,0.01,100,3.91632395714253,0.3369074492099323
224,4,4,0.01,200,3.91632395714253,0.36083521444695255
225,4,4,0.01,400,3.91632395714253,0.4084650112866817
226,4,4,0.01,800,3.91632395714253,0.36580135440180583
227,4,4,0.01,1600,3.91632395714253,0.3698645598194131
228,4,4,0.05,1,3.91632395714253,0.36241534988713314
229,4,4,0.05,100,3.91632395714253,0.4077878103837471
230,4,4,0.05,200,3.91632395714253,0.43036117381489847
231,4,4,0.05,400,3.91632395714253,0.629683972911964
232,4,4,0.05,800,3.91632395714253,0.6449209932279911
233,4,4,0.05,1600,3.91632395714253,0.692099322799097
234,4,4,0.1,1,3.91632395714253,0.3564334085778781
235,4,4,0.1,100,3.91632395714253,0.433295711060948
236,4,4,0.1,200,3.91632395714253,0.5020316027088036
237,4,4,0.1,400,3.91632395714253,0.7900677200902936
238,4,4,0.1,800,3.91632395714253,0.8355530474040632
239,4,4,0.1,1600,3.91632395714253,0.8637697516930023
240,4,8,0.001,1,3.91632395714253,0.32923250564334083
241,4,8,0.001,100,3.91632395714253,0.340293453724605
242,4,8,0.001,200,3.91632395714253,0.34119638826185106
243,4,8,0.001,400,3.91632395714253,0.34345372460496615
244,4,8,0.001,800,3.91632395714253,0.34943566591422115
245,4,8,0.001,1600,3.91632395714253,0.34469525959367947
246,4,8,0.005,1,3.91632395714253,0.31647855530474045
247,4,8,0.005,100,3.91632395714253,0.3173814898419865
248,4,8,0.005,200,3.91632395714253,0.3574492099322799
249,4,8,0.005,400,3.91632395714253,0.3626410835214447
250,4,8,0.005,800,3.91632395714253,0.38645598194130926
251,4,8,0.005,1600,3.91632395714253,0.38984198645598195
252,4,8,0.01,1,3.91632395714253,0.34119638826185106
253,4,8,0.01,100,3.91632395714253,0.3848758465011287
254,4,8,0.01,200,3.91632395714253,0.3639954853273138
255,4,8,0.01,400,3.91632395714253,0.38002257336343115
256,4,8,0.01,800,3.91632395714253,0.3804740406320542
257,4,8,0.01,1600,3.91632395714253,0.36636568848758455
258,4,8,0.05,1,3.91632395714253,0.35869074492099323
259,4,8,0.05,100,3.91632395714253,0.4072234762979684
260,4,8,0.05,200,3.91632395714253,0.4820541760722348
261,4,8,0.05,400,3.91632395714253,0.6103837471783295
262,4,8,0.05,800,3.91632395714253,0.690293453724605
263,4,8,0.05,1600,3.91632395714253,0.6636568848758465
264,4,8,0.1,1,3.91632395714253,0.360158013544018
265,4,8,0.1,100,3.91632395714253,0.46546275395033854
266,4,8,0.1,200,3.91632395714253,0.5503386004514674
267,4,8,0.1,400,3.91632395714253,0.8498871331828441
268,4,8,0.1,800,3.91632395714253,0.8976297968397292
269,4,8,0.1,1600,3.91632395714253,0.8981941309255077
270,4,16,0.001,1,3.91632395714253,0.3065462753950339
271,4,16,0.001,100,3.91632395714253,0.3527088036117382
272,4,16,0.001,200,3.91632395714253,0.34875846501128666
273,4,16,0.001,400,3.91632395714253,0.3413092550790068
274,4,16,0.001,800,3.91632395714253,0.34582392776523696
275,4,16,0.001,1600,3.91632395714253,0.3502257336343115
276,4,16,0.005,1,3.91632395714253,0.3257336343115124
277,4,16,0.005,100,3.91632395714253,0.34503386004514675
278,4,16,0.005,200,3.91632395714253,0.36038374717832955
279,4,16,0.005,400,3.91632395714253,0.3970654627539504
280,4,16,0.005,800,3.91632395714253,0.3875846501128668
281,4,16,0.005,1600,3.91632395714253,0.36693002257336343
282,4,16,0.01,1,3.91632395714253,0.35101580135440175
283,4,16,0.01,100,3.91632395714253,0.3613995485327314
284,4,16,0.01,200,3.91632395714253,0.3765237020316027
285,4,16,0.01,400,3.91632395714253,0.38747178329571114
286,4,16,0.01,800,3.91632395714253,0.39898419864559825
287,4,16,0.01,1600,3.91632395714253,0.38702031602708803
288,4,16,0.05,1,3.91632395714253,0.3395033860045147
289,4,16,0.05,100,3.91632395714253,0.39277652370203164
290,4,16,0.05,200,3.91632395714253,0.5036117381489842
291,4,16,0.05,400,3.91632395714253,0.6400677200902934
292,4,16,0.05,800,3.91632395714253,0.6969525959367947
293,4,16,0.05,1600,3.91632395714253,0.6737020316027087
294,4,16,0.1,1,3.91632395714253,0.350902934537246
295,4,16,0.1,100,3.91632395714253,0.4423250564334086
296,4,16,0.1,200,3.91632395714253,0.548645598194131
297,4,16,0.1,400,3.91632395714253,0.8659142212189617
298,4,16,0.1,800,3.91632395714253,0.8963882618510158
299,4,16,0.1,1600,3.91632395714253,0.9095936794582393
300,4,32,0.001,1,3.91632395714253,0.33182844243792325
301,4,32,0.001,100,3.91632395714253,0.3243792325056433
302,4,32,0.001,200,3.91632395714253,0.3601580135440181
303,4,32,0.001,400,3.91632395714253,0.34446952595936786
304,4,32,0.001,800,3.91632395714253,0.36534988713318284
305,4,32,0.001,1600,3.91632395714253,0.368058690744921
306,4,32,0.005,1,3.91632395714253,0.33803611738148986
307,4,32,0.005,100,3.91632395714253,0.35
308,4,32,0.005,200,3.91632395714253,0.35462753950338605
309,4,32,0.005,400,3.91632395714253,0.3693002257336343
310,4,32,0.005,800,3.91632395714253,0.38374717832957106
311,4,32,0.005,1600,3.91632395714253,0.3600451467268623
312,4,32,0.01,1,3.91632395714253,0.34232505643340855
313,4,32,0.01,100,3.91632395714253,0.35259593679458245
314,4,32,0.01,200,3.91632395714253,0.39525959367945823
315,4,32,0.01,400,3.91632395714253,0.43995485327313777
316,4,32,0.01,800,3.91632395714253,0.40011286681715574
317,4,32,0.01,1600,3.91632395714253,0.37155756207674934
318,4,32,0.05,1,3.91632395714253,0.34492099322799097
319,4,32,0.05,100,3.91632395714253,0.4371331828442438
320,4,32,0.05,200,3.91632395714253,0.5020316027088036
321,4,32,0.05,400,3.91632395714253,0.6699774266365689
322,4,32,0.05,800,3.91632395714253,0.6795711060948081
323,4,32,0.05,1600,3.91632395714253,0.694018058690745
324,4,32,0.1,1,3.91632395714253,0.3448081264108352
325,4,32,0.1,100,3.91632395714253,0.45767494356659155
326,4,32,0.1,200,3.91632395714253,0.6150112866817156
327,4,32,0.1,400,3.91632395714253,0.908352144469526
328,4,32,0.1,800,3.91632395714253,0.9132054176072234
329,4,32,0.1,1600,3.91632395714253,0.9124153498871331
330,4,64,0.001,1,3.91632395714253,0.3031602708803612
331,4,64,0.001,100,3.91632395714253,0.3156884875846502
332,4,64,0.001,200,3.91632395714253,0.34898419864559815
333,4,64,0.001,400,3.91632395714253,0.37415349887133187
334,4,64,0.001,800,3.91632395714253,0.3740406320541761
335,4,64,0.001,1600,3.91632395714253,0.34751693002257333
336,4,64,0.005,1,3.91632395714253,0.32471783295711065
337,4,64,0.005,100,3.91632395714253,0.3590293453724605
338,4,64,0.005,200,3.91632395714253,0.3905191873589165
339,4,64,0.005,400,3.91632395714253,0.4156884875846501
340,4,64,0.005,800,3.91632395714253,0.3876975169300226
341,4,64,0.005,1600,3.91632395714253,0.367607223476298
342,4,64,0.01,1,3.91632395714253,0.3232505643340858
343,4,64,0.01,100,3.91632395714253,0.34604966139954857
344,4,64,0.01,200,3.91632395714253,0.4014672686230248
345,4,64,0.01,400,3.91632395714253,0.4584650112866816
346,4,64,0.01,800,3.91632395714253,0.36218961625282164
347,4,64,0.01,1600,3.91632395714253,0.3656884875846501
348,4,64,0.05,1,3.91632395714253,0.3386004514672686
349,4,64,0.05,100,3.91632395714253,0.4779909706546275
350,4,64,0.05,200,3.91632395714253,0.5150112866817156
351,4,64,0.05,400,3.91632395714253,0.6849887133182844
352,4,64,0.05,800,3.91632395714253,0.7621896162528217
353,4,64,0.05,1600,3.91632395714253,0.7515801354401807
354,4,64,0.1,1,3.91632395714253,0.35101580135440175
355,4,64,0.1,100,3.91632395714253,0.5058690744920994
356,4,64,0.1,200,3.91632395714253,0.6615124153498871
357,4,64,0.1,400,3.91632395714253,0.9225733634311511
358,4,64,0.1,800,3.91632395714253,0.9102708803611737
359,4,64,0.1,1600,3.91632395714253,0.9164785553047405
360,8,1,0.001,1,3.9171621176573614,0.34108352144469534
361,8,1,0.001,100,3.9171621176573614,0.33724604966139954
362,8,1,0.001,200,3.9171621176573614,0.35699774266365686
363,8,1,0.001,400,3.9171621176573614,0.3197516930022573
364,8,1,0.001,800,3.9171621176573614,0.3427765237020316
365,8,1,0.001,1600,3.9171621176573614,0.3440180586907449
366,8,1,0.005,1,3.9171621176573614,0.33589164785553044
367,8,1,0.005,100,3.9171621176573614,0.3363431151241535
368,8,1,0.005,200,3.9171621176573614,0.35361173814898417
369,8,1,0.005,400,3.9171621176573614,0.32844243792325056
370,8,1,0.005,800,3.9171621176573614,0.3388261851015802
371,8,1,0.005,1600,3.9171621176573614,0.35993227990970655
372,8,1,0.01,1,3.9171621176573614,0.3311512415349887
373,8,1,0.01,100,3.9171621176573614,0.36128668171557565
374,8,1,0.01,200,3.9171621176573614,0.3715575620767495
375,8,1,0.01,400,3.9171621176573614,0.3565462753950338
376,8,1,0.01,800,3.9171621176573614,0.3419864559819413
377,8,1,0.01,1600,3.9171621176573614,0.3489841986455982
378,8,1,0.05,1,3.9171621176573614,0.3291196388261851
379,8,1,0.05,100,3.9171621176573614,0.3454853273137698
380,8,1,0.05,200,3.9171621176573614,0.4435665914221219
381,8,1,0.05,400,3.9171621176573614,0.4557562076749435
382,8,1,0.05,800,3.9171621176573614,0.38465011286681716
383,8,1,0.05,1600,3.9171621176573614,0.3880361173814898
384,8,1,0.1,1,3.9171621176573614,0.3527088036117382
385,8,1,0.1,100,3.9171621176573614,0.344018058690745
386,8,1,0.1,200,3.9171621176573614,0.5609480812641083
387,8,1,0.1,400,3.9171621176573614,0.6023702031602708
388,8,1,0.1,800,3.9171621176573614,0.5916478555304739
389,8,1,0.1,1600,3.9171621176573614,0.5643340857787811
390,8,4,0.001,1,3.9171621176573614,0.34650112866817157
391,8,4,0.001,100,3.9171621176573614,0.31963882618510164
392,8,4,0.001,200,3.9171621176573614,0.336117381489842
393,8,4,0.001,400,3.9171621176573614,0.32607223476297975
394,8,4,0.001,800,3.9171621176573614,0.3376975169300226
395,8,4,0.001,1600,3.9171621176573614,0.3404063205417608
396,8,4,0.005,1,3.9171621176573614,0.3357787810383747
397,8,4,0.005,100,3.9171621176573614,0.35767494356659135
398,8,4,0.005,200,3.9171621176573614,0.35124153498871336
399,8,4,0.005,400,3.9171621176573614,0.33690744920993226
400,8,4,0.005,800,3.9171621176573614,0.35496613995485327
401,8,4,0.005,1600,3.9171621176573614,0.33984198645598196
402,8,4,0.01,1,3.9171621176573614,0.33803611738148986
403,8,4,0.01,100,3.9171621176573614,0.34683972911963884
404,8,4,0.01,200,3.9171621176573614,0.3522573363431151
405,8,4,0.01,400,3.9171621176573614,0.3718961625282167
406,8,4,0.01,800,3.9171621176573614,0.37968397291196393
407,8,4,0.01,1600,3.9171621176573614,0.3720090293453725
408,8,4,0.05,1,3.9171621176573614,0.30406320541760723
409,8,4,0.05,100,3.9171621176573614,0.38972911963882617
410,8,4,0.05,200,3.9171621176573614,0.43284424379232506
411,8,4,0.05,400,3.9171621176573614,0.4806997742663657
412,8,4,0.05,800,3.9171621176573614,0.5028216704288939
413,8,4,0.05,1600,3.9171621176573614,0.5142212189616252
414,8,4,0.1,1,3.9171621176573614,0.3313769751693002
415,8,4,0.1,100,3.9171621176573614,0.41659142212189615
416,8,4,0.1,200,3.9171621176573614,0.6064334085778782
417,8,4,0.1,400,3.9171621176573614,0.6487584650112866
418,8,4,0.1,800,3.9171621176573614,0.617607223476298
419,8,4,0.1,1600,3.9171621176573614,0.6576749435665915
420,8,8,0.001,1,3.9171621176573614,0.3357787810383747
421,8,8,0.001,100,3.9171621176573614,0.3448081264108352
422,8,8,0.001,200,3.9171621176573614,0.3387133182844244
423,8,8,0.001,400,3.9171621176573614,0.3240406320541761
424,8,8,0.001,800,3.9171621176573614,0.3188487584650113
425,8,8,0.001,1600,3.9171621176573614,0.368058690744921
426,8,8,0.005,1,3.9171621176573614,0.3355530474040632
427,8,8,0.005,100,3.9171621176573614,0.3593679458239277
428,8,8,0.005,200,3.9171621176573614,0.3634311512415349
429,8,8,0.005,400,3.9171621176573614,0.3624153498871332
430,8,8,0.005,800,3.9171621176573614,0.3486455981941309
431,8,8,0.005,1600,3.9171621176573614,0.35033860045146725
432,8,8,0.01,1,3.9171621176573614,0.3262979683972912
433,8,8,0.01,100,3.9171621176573614,0.34627539503386007
434,8,8,0.01,200,3.9171621176573614,0.377313769751693
435,8,8,0.01,400,3.9171621176573614,0.395823927765237
436,8,8,0.01,800,3.9171621176573614,0.3709932279909706
437,8,8,0.01,1600,3.9171621176573614,0.3755079006772009
438,8,8,0.05,1,3.9171621176573614,0.35891647855530473
439,8,8,0.05,100,3.9171621176573614,0.3866817155756208
440,8,8,0.05,200,3.9171621176573614,0.47121896162528215
441,8,8,0.05,400,3.9171621176573614,0.45733634311512417
442,8,8,0.05,800,3.9171621176573614,0.4424379232505643
443,8,8,0.05,1600,3.9171621176573614,0.5094808126410835
444,8,8,0.1,1,3.9171621176573614,0.33871331828442436
445,8,8,0.1,100,3.9171621176573614,0.4593679458239278
446,8,8,0.1,200,3.9171621176573614,0.624040632054176
447,8,8,0.1,400,3.9171621176573614,0.6427765237020316
448,8,8,0.1,800,3.9171621176573614,0.6922121896162527
449,8,8,0.1,1600,3.9171621176573614,0.6505643340857787
450,8,16,0.001,1,3.9171621176573614,0.3414221218961625
451,8,16,0.001,100,3.9171621176573614,0.3224604966139955
452,8,16,0.001,200,3.9171621176573614,0.322686230248307
453,8,16,0.001,400,3.9171621176573614,0.3285553047404063
454,8,16,0.001,800,3.9171621176573614,0.33645598194130927
455,8,16,0.001,1600,3.9171621176573614,0.3469525959367946
456,8,16,0.005,1,3.9171621176573614,0.32065462753950336
457,8,16,0.005,100,3.9171621176573614,0.34706546275395034
458,8,16,0.005,200,3.9171621176573614,0.3428893905191873
459,8,16,0.005,400,3.9171621176573614,0.36896162528216697
460,8,16,0.005,800,3.9171621176573614,0.32686230248307
461,8,16,0.005,1600,3.9171621176573614,0.35914221218961623
462,8,16,0.01,1,3.9171621176573614,0.3506772009029345
463,8,16,0.01,100,3.9171621176573614,0.3579006772009029
464,8,16,0.01,200,3.9171621176573614,0.37144469525959367
465,8,16,0.01,400,3.9171621176573614,0.34571106094808124
466,8,16,0.01,800,3.9171621176573614,0.3820541760722348
467,8,16,0.01,1600,3.9171621176573614,0.3876975169300225
468,8,16,0.05,1,3.9171621176573614,0.3478555304740406
469,8,16,0.05,100,3.9171621176573614,0.4165914221218962
470,8,16,0.05,200,3.9171621176573614,0.5007900677200903
471,8,16,0.05,400,3.9171621176573614,0.5034988713318282
472,8,16,0.05,800,3.9171621176573614,0.4857787810383748
473,8,16,0.05,1600,3.9171621176573614,0.47009029345372466
474,8,16,0.1,1,3.9171621176573614,0.3293453724604966
475,8,16,0.1,100,3.9171621176573614,0.4697516930022574
476,8,16,0.1,200,3.9171621176573614,0.6461625282167043
477,8,16,0.1,400,3.9171621176573614,0.6650112866817156
478,8,16,0.1,800,3.9171621176573614,0.7169300225733635
479,8,16,0.1,1600,3.9171621176573614,0.6702031602708803
480,8,32,0.001,1,3.9171621176573614,0.3540632054176072
481,8,32,0.001,100,3.9171621176573614,0.348645598194131
482,8,32,0.001,200,3.9171621176573614,0.31918735891647854
483,8,32,0.001,400,3.9171621176573614,0.3295711060948081
484,8,32,0.001,800,3.9171621176573614,0.3025959367945824
485,8,32,0.001,1600,3.9171621176573614,0.3740406320541761
486,8,32,0.005,1,3.9171621176573614,0.3178329571106095
487,8,32,0.005,100,3.9171621176573614,0.35440180586907444
488,8,32,0.005,200,3.9171621176573614,0.3616252821670428
489,8,32,0.005,400,3.9171621176573614,0.3381489841986457
490,8,32,0.005,800,3.9171621176573614,0.3610609480812642
491,8,32,0.005,1600,3.9171621176573614,0.3575620767494357
492,8,32,0.01,1,3.9171621176573614,0.33205417607223475
493,8,32,0.01,100,3.9171621176573614,0.38250564334085774
494,8,32,0.01,200,3.9171621176573614,0.4378103837471784
495,8,32,0.01,400,3.9171621176573614,0.37347629796839726
496,8,32,0.01,800,3.9171621176573614,0.3430022573363431
497,8,32,0.01,1600,3.9171621176573614,0.3937923250564334
498,8,32,0.05,1,3.9171621176573614,0.36399548532731385
499,8,32,0.05,100,3.9171621176573614,0.4316027088036118
500,8,32,0.05,200,3.9171621176573614,0.567155756207675
501,8,32,0.05,400,3.9171621176573614,0.5160270880361173
502,8,32,0.05,800,3.9171621176573614,0.540744920993228
503,8,32,0.05,1600,3.9171621176573614,0.5848758465011288
504,8,32,0.1,1,3.9171621176573614,0.359255079006772
505,8,32,0.1,100,3.9171621176573614,0.5119638826185102
506,8,32,0.1,200,3.9171621176573614,0.6588036117381489
507,8,32,0.1,400,3.9171621176573614,0.6841986455981941
508,8,32,0.1,800,3.9171621176573614,0.6855530474040632
509,8,32,0.1,1600,3.9171621176573614,0.7019187358916479
510,8,64,0.001,1,3.9171621176573614,0.3118510158013544
511,8,64,0.001,100,3.9171621176573614,0.31975169300225736
512,8,64,0.001,200,3.9171621176573614,0.31331828442437926
513,8,64,0.001,400,3.9171621176573614,0.35361173814898417
514,8,64,0.001,800,3.9171621176573614,0.33453724604966145
515,8,64,0.001,1600,3.9171621176573614,0.3230248306997743
516,8,64,0.005,1,3.9171621176573614,0.31975169300225736
517,8,64,0.005,100,3.9171621176573614,0.35586907449209926
518,8,64,0.005,200,3.9171621176573614,0.400902934537246
519,8,64,0.005,400,3.9171621176573614,0.38036117381489837
520,8,64,0.005,800,3.9171621176573614,0.36715575620767493
521,8,64,0.005,1600,3.9171621176573614,0.40383747178329565
522,8,64,0.01,1,3.9171621176573614,0.34209932279909705
523,8,64,0.01,100,3.9171621176573614,0.3283295711060948
524,8,64,0.01,200,3.9171621176573614,0.40564334085778775
525,8,64,0.01,400,3.9171621176573614,0.381489841986456
526,8,64,0.01,800,3.9171621176573614,0.4040632054176072
527,8,64,0.01,1600,3.9171621176573614,0.37505643340857786
528,8,64,0.05,1,3.9171621176573614,0.33668171557562077
529,8,64,0.05,100,3.9171621176573614,0.4934537246049661
530,8,64,0.05,200,3.9171621176573614,0.5937923250564333
531,8,64,0.05,400,3.9171621176573614,0.6825056433408578
532,8,64,0.05,800,3.9171621176573614,0.6790067720090294
533,8,64,0.05,1600,3.9171621176573614,0.625056433408578
534,8,64,0.1,1,3.9171621176573614,0.34571106094808124
535,8,64,0.1,100,3.9171621176573614,0.4968397291196388
536,8,64,0.1,200,3.9171621176573614,0.7099322799097065
537,8,64,0.1,400,3.9171621176573614,0.7795711060948082
538,8,64,0.1,800,3.9171621176573614,0.7709932279909706
539,8,64,0.1,1600,3.9171621176573614,0.7759593679458241
540,16,1,0.001,1,3.9178470926625386,0.3440180586907449
541,16,1,0.001,100,3.9178470926625386,0.3397291196388262
542,16,1,0.001,200,3.9178470926625386,0.33702031602708804
543,16,1,0.001,400,3.9178470926625386,0.3372460496613996
544,16,1,0.001,800,3.9178470926625386,0.33950338600451463
545,16,1,0.001,1600,3.9178470926625386,0.3248306997742664
546,16,1,0.005,1,3.9178470926625386,0.33702031602708804
547,16,1,0.005,100,3.9178470926625386,0.3451467268623024
548,16,1,0.005,200,3.9178470926625386,0.34988713318284426
549,16,1,0.005,400,3.9178470926625386,0.3376975169300226
550,16,1,0.005,800,3.9178470926625386,0.3431151241534988
551,16,1,0.005,1600,3.9178470926625386,0.32697516930022574
552,16,1,0.01,1,3.9178470926625386,0.33589164785553044
553,16,1,0.01,100,3.9178470926625386,0.3425507900677201
554,16,1,0.01,200,3.9178470926625386,0.3516930022573363
555,16,1,0.01,400,3.9178470926625386,0.33623024830699777
556,16,1,0.01,800,3.9178470926625386,0.3358916478555305
557,16,1,0.01,1600,3.9178470926625386,0.3400677200902934
558,16,1,0.05,1,3.9178470926625386,0.3214446952595936
559,16,1,0.05,100,3.9178470926625386,0.3873589164785553
560,16,1,0.05,200,3.9178470926625386,0.3954853273137698
561,16,1,0.05,400,3.9178470926625386,0.39187358916478554
562,16,1,0.05,800,3.9178470926625386,0.4068848758465012
563,16,1,0.05,1600,3.9178470926625386,0.4072234762979684
564,16,1,0.1,1,3.9178470926625386,0.3400677200902934
565,16,1,0.1,100,3.9178470926625386,0.4057562076749436
566,16,1,0.1,200,3.9178470926625386,0.505530474040632
567,16,1,0.1,400,3.9178470926625386,0.4656884875846501
568,16,1,0.1,800,3.9178470926625386,0.43284424379232506
569,16,1,0.1,1600,3.9178470926625386,0.5209932279909706
570,16,4,0.001,1,3.9178470926625386,0.3432279909706546
571,16,4,0.001,100,3.9178470926625386,0.340744920993228
572,16,4,0.001,200,3.9178470926625386,0.3238148984198646
573,16,4,0.001,400,3.9178470926625386,0.3436794582392776
574,16,4,0.001,800,3.9178470926625386,0.3399548532731377
575,16,4,0.001,1600,3.9178470926625386,0.3355530474040632
576,16,4,0.005,1,3.9178470926625386,0.3515801354401806
577,16,4,0.005,100,3.9178470926625386,0.3586907449209932
578,16,4,0.005,200,3.9178470926625386,0.33713318284424376
579,16,4,0.005,400,3.9178470926625386,0.33013544018058694
580,16,4,0.005,800,3.9178470926625386,0.33544018058690744
581,16,4,0.005,1600,3.9178470926625386,0.34683972911963884
582,16,4,0.01,1,3.9178470926625386,0.3171557562076749
583,16,4,0.01,100,3.9178470926625386,0.37607223476297963
584,16,4,0.01,200,3.9178470926625386,0.33724604966139954
585,16,4,0.01,400,3.9178470926625386,0.3436794582392776
586,16,4,0.01,800,3.9178470926625386,0.340744920993228
587,16,4,0.01,1600,3.9178470926625386,0.34040632054176073
588,16,4,0.05,1,3.9178470926625386,0.33115124153498876
589,16,4,0.05,100,3.9178470926625386,0.3988713318284424
590,16,4,0.05,200,3.9178470926625386,0.4021444695259594
591,16,4,0.05,400,3.9178470926625386,0.41760722347629803
592,16,4,0.05,800,3.9178470926625386,0.3957110609480813
593,16,4,0.05,1600,3.9178470926625386,0.36659142212189616
594,16,4,0.1,1,3.9178470926625386,0.3450338600451467
595,16,4,0.1,100,3.9178470926625386,0.45632054176072234
596,16,4,0.1,200,3.9178470926625386,0.4980812641083521
597,16,4,0.1,400,3.9178470926625386,0.5613995485327313
598,16,4,0.1,800,3.9178470926625386,0.494920993227991
599,16,4,0.1,1600,3.9178470926625386,0.5338600451467268
600,16,8,0.001,1,3.9178470926625386,0.3366817155756208
601,16,8,0.001,100,3.9178470926625386,0.33972911963882624
602,16,8,0.001,200,3.9178470926625386,0.34762979683972905
603,16,8,0.001,400,3.9178470926625386,0.3204288939051919
604,16,8,0.001,800,3.9178470926625386,0.32426636568848755
605,16,8,0.001,1600,3.9178470926625386,0.3357787810383748
606,16,8,0.005,1,3.9178470926625386,0.31715575620767494
607,16,8,0.005,100,3.9178470926625386,0.3548532731376975
608,16,8,0.005,200,3.9178470926625386,0.3418735891647856
609,16,8,0.005,400,3.9178470926625386,0.3642212189616253
610,16,8,0.005,800,3.9178470926625386,0.3355530474040632
611,16,8,0.005,1600,3.9178470926625386,0.331489841986456
612,16,8,0.01,1,3.9178470926625386,0.3274266365688488
613,16,8,0.01,100,3.9178470926625386,0.3381489841986456
614,16,8,0.01,200,3.9178470926625386,0.3790067720090294
615,16,8,0.01,400,3.9178470926625386,0.3593679458239278
616,16,8,0.01,800,3.9178470926625386,0.3615124153498871
617,16,8,0.01,1600,3.9178470926625386,0.3548532731376975
618,16,8,0.05,1,3.9178470926625386,0.37020316027088035
619,16,8,0.05,100,3.9178470926625386,0.42133182844243783
620,16,8,0.05,200,3.9178470926625386,0.40699774266365696
621,16,8,0.05,400,3.9178470926625386,0.3933408577878104
622,16,8,0.05,800,3.9178470926625386,0.41162528216704286
623,16,8,0.05,1600,3.9178470926625386,0.45553047404063196
624,16,8,0.1,1,3.9178470926625386,0.3240406320541761
625,16,8,0.1,100,3.9178470926625386,0.4890519187358917
626,16,8,0.1,200,3.9178470926625386,0.5862302483069979
627,16,8,0.1,400,3.9178470926625386,0.5706546275395035
628,16,8,0.1,800,3.9178470926625386,0.5427765237020317
629,16,8,0.1,1600,3.9178470926625386,0.5600451467268622
630,16,16,0.001,1,3.9178470926625386,0.3118510158013544
631,16,16,0.001,100,3.9178470926625386,0.32155756207674946
632,16,16,0.001,200,3.9178470926625386,0.34661399548532734
633,16,16,0.001,400,3.9178470926625386,0.3208803611738149
634,16,16,0.001,800,3.9178470926625386,0.33476297968397284
635,16,16,0.001,1600,3.9178470926625386,0.3366817155756208
636,16,16,0.005,1,3.9178470926625386,0.3339729119638826
637,16,16,0.005,100,3.9178470926625386,0.33645598194130927
638,16,16,0.005,200,3.9178470926625386,0.3555304740406321
639,16,16,0.005,400,3.9178470926625386,0.33961625282167046
640,16,16,0.005,800,3.9178470926625386,0.377313769751693
641,16,16,0.005,1600,3.9178470926625386,0.349097065462754
642,16,16,0.01,1,3.9178470926625386,0.32460496613995493
643,16,16,0.01,100,3.9178470926625386,0.35259593679458234
644,16,16,0.01,200,3.9178470926625386,0.33645598194130927
645,16,16,0.01,400,3.9178470926625386,0.34796839729119633
646,16,16,0.01,800,3.9178470926625386,0.36963882618510163
647,16,16,0.01,1600,3.9178470926625386,0.3338600451467268
648,16,16,0.05,1,3.9178470926625386,0.31738148984198644
649,16,16,0.05,100,3.9178470926625386,0.4405191873589166
650,16,16,0.05,200,3.9178470926625386,0.41546275395033866
651,16,16,0.05,400,3.9178470926625386,0.4396162528216704
652,16,16,0.05,800,3.9178470926625386,0.39774266365688493
653,16,16,0.05,1600,3.9178470926625386,0.4437923250564334
654,16,16,0.1,1,3.9178470926625386,0.35056433408577875
655,16,16,0.1,100,3.9178470926625386,0.5209932279909706
656,16,16,0.1,200,3.9178470926625386,0.6001128668171558
657,16,16,0.1,400,3.9178470926625386,0.5419864559819414
658,16,16,0.1,800,3.9178470926625386,0.5360045146726863
659,16,16,0.1,1600,3.9178470926625386,0.5437923250564334
660,16,32,0.001,1,3.9178470926625386,0.3420993227990971
661,16,32,0.001,100,3.9178470926625386,0.3327313769751693
662,16,32,0.001,200,3.9178470926625386,0.34717832957110606
663,16,32,0.001,400,3.9178470926625386,0.3036117381489841
664,16,32,0.001,800,3.9178470926625386,0.331038374717833
665,16,32,0.001,1600,3.9178470926625386,0.3293453724604966
666,16,32,0.005,1,3.9178470926625386,0.30395033860045145
667,16,32,0.005,100,3.9178470926625386,0.32945823927765233
668,16,32,0.005,200,3.9178470926625386,0.37449209932279903
669,16,32,0.005,400,3.9178470926625386,0.3502257336343115
670,16,32,0.005,800,3.9178470926625386,0.3358916478555305
671,16,32,0.005,1600,3.9178470926625386,0.36489841986455984
672,16,32,0.01,1,3.9178470926625386,0.3316027088036118
673,16,32,0.01,100,3.9178470926625386,0.3697516930022573
674,16,32,0.01,200,3.9178470926625386,0.37776523702031606
675,16,32,0.01,400,3.9178470926625386,0.3627539503386005
676,16,32,0.01,800,3.9178470926625386,0.3664785553047404
677,16,32,0.01,1600,3.9178470926625386,0.4211060948081265
678,16,32,0.05,1,3.9178470926625386,0.34751693002257333
679,16,32,0.05,100,3.9178470926625386,0.48419864559819414
680,16,32,0.05,200,3.9178470926625386,0.44909706546275396
681,16,32,0.05,400,3.9178470926625386,0.4306997742663657
682,16,32,0.05,800,3.9178470926625386,0.41512415349887133
683,16,32,0.05,1600,3.9178470926625386,0.41783295711060947
684,16,32,0.1,1,3.9178470926625386,0.34853273137697516
685,16,32,0.1,100,3.9178470926625386,0.49446952595936794
686,16,32,0.1,200,3.9178470926625386,0.6195259593679459
687,16,32,0.1,400,3.9178470926625386,0.5888261851015801
688,16,32,0.1,800,3.9178470926625386,0.6222347629796839
689,16,32,0.1,1600,3.9178470926625386,0.6083521444695259
690,16,64,0.001,1,3.9178470926625386,0.3538374717832957
691,16,64,0.001,100,3.9178470926625386,0.33058690744920993
692,16,64,0.001,200,3.9178470926625386,0.32381489841986455
693,16,64,0.001,400,3.9178470926625386,0.3281038374717833
694,16,64,0.001,800,3.9178470926625386,0.3353273137697517
695,16,64,0.001,1600,3.9178470926625386,0.3241534988713319
696,16,64,0.005,1,3.9178470926625386,0.3234762979683973
697,16,64,0.005,100,3.9178470926625386,0.3630925507900678
698,16,64,0.005,200,3.9178470926625386,0.3469525959367946
699,16,64,0.005,400,3.9178470926625386,0.3816027088036118
700,16,64,0.005,800,3.9178470926625386,0.3700902934537246
701,16,64,0.005,1600,3.9178470926625386,0.37708803611738145
702,16,64,0.01,1,3.9178470926625386,0.3208803611738149
703,16,64,0.01,100,3.9178470926625386,0.3607223476297968
704,16,64,0.01,200,3.9178470926625386,0.3608352144469526
705,16,64,0.01,400,3.9178470926625386,0.39209932279909704
706,16,64,0.01,800,3.9178470926625386,0.3808126410835215
707,16,64,0.01,1600,3.9178470926625386,0.3926636568848759
708,16,64,0.05,1,3.9178470926625386,0.3691873589164786
709,16,64,0.05,100,3.9178470926625386,0.49785553047404074
710,16,64,0.05,200,3.9178470926625386,0.4786681715575621
711,16,64,0.05,400,3.9178470926625386,0.4616252821670429
712,16,64,0.05,800,3.9178470926625386,0.4487584650112867
713,16,64,0.05,1600,3.9178470926625386,0.4521444695259594
714,16,64,0.1,1,3.9178470926625386,0.3413092550790068
715,16,64,0.1,100,3.9178470926625386,0.5733634311512414
716,16,64,0.1,200,3.9178470926625386,0.7235891647855531
717,16,64,0.1,400,3.9178470926625386,0.7615124153498872
718,16,64,0.1,800,3.9178470926625386,0.7408577878103838
719,16,64,0.1,1600,3.9178470926625386,0.7476297968397291
720,32,1,0.001,1,3.918079623154232,0.3259593679458239
721,32,1,0.001,100,3.918079623154232,0.3502257336343115
722,32,1,0.001,200,3.918079623154232,0.32776523702031607
723,32,1,0.001,400,3.918079623154232,0.3168171557562077
724,32,1,0.001,800,3.918079623154232,0.3329571106094808
725,32,1,0.001,1600,3.918079623154232,0.33408577878103835
726,32,1,0.005,1,3.918079623154232,0.3391647855530474
727,32,1,0.005,100,3.918079623154232,0.3316027088036118
728,32,1,0.005,200,3.918079623154232,0.34356659142212187
729,32,1,0.005,400,3.918079623154232,0.33927765237020313
730,32,1,0.005,800,3.918079623154232,0.3378103837471783
731,32,1,0.005,1600,3.918079623154232,0.3223476297968398
732,32,1,0.01,1,3.918079623154232,0.34176072234762983
733,32,1,0.01,100,3.918079623154232,0.34943566591422126
734,32,1,0.01,200,3.918079623154232,0.32607223476297975
735,32,1,0.01,400,3.918079623154232,0.35237020316027085
736,32,1,0.01,800,3.918079623154232,0.36410835214446946
737,32,1,0.01,1600,3.918079623154232,0.3282167042889391
738,32,1,0.05,1,3.918079623154232,0.33239277652370197
739,32,1,0.05,100,3.918079623154232,0.33702031602708804
740,32,1,0.05,200,3.918079623154232,0.36997742663656885
741,32,1,0.05,400,3.918079623154232,0.3589164785553048
742,32,1,0.05,800,3.918079623154232,0.3740406320541761
743,32,1,0.05,1600,3.918079623154232,0.36354401805869074
744,32,1,0.1,1,3.918079623154232,0.3390519187358917
745,32,1,0.1,100,3.918079623154232,0.37562076749435663
746,32,1,0.1,200,3.918079623154232,0.3615124153498871
747,32,1,0.1,400,3.918079623154232,0.3613995485327314
748,32,1,0.1,800,3.918079623154232,0.3677200902934537
749,32,1,0.1,1600,3.918079623154232,0.4156884875846501
750,32,4,0.001,1,3.918079623154232,0.3554176072234763
751,32,4,0.001,100,3.918079623154232,0.32595936794582386
752,32,4,0.001,200,3.918079623154232,0.33024830699774266
753,32,4,0.001,400,3.918079623154232,0.3274266365688488
754,32,4,0.001,800,3.918079623154232,0.3172686230248307
755,32,4,0.001,1600,3.918079623154232,0.3437923250564334
756,32,4,0.005,1,3.918079623154232,0.3066591422121896
757,32,4,0.005,100,3.918079623154232,0.32009029345372464
758,32,4,0.005,200,3.918079623154232,0.33182844243792325
759,32,4,0.005,400,3.918079623154232,0.3398419864559819
760,32,4,0.005,800,3.918079623154232,0.34514672686230247
761,32,4,0.005,1600,3.918079623154232,0.33058690744920993
762,32,4,0.01,1,3.918079623154232,0.32584650112866814
763,32,4,0.01,100,3.918079623154232,0.344018058690745
764,32,4,0.01,200,3.918079623154232,0.3371331828442438
765,32,4,0.01,400,3.918079623154232,0.3378103837471783
766,32,4,0.01,800,3.918079623154232,0.34706546275395034
767,32,4,0.01,1600,3.918079623154232,0.33848758465011286
768,32,4,0.05,1,3.918079623154232,0.33961625282167046
769,32,4,0.05,100,3.918079623154232,0.35169300225733635
770,32,4,0.05,200,3.918079623154232,0.3609480812641083
771,32,4,0.05,400,3.918079623154232,0.37212189616252817
772,32,4,0.05,800,3.918079623154232,0.38002257336343115
773,32,4,0.05,1600,3.918079623154232,0.3799097065462754
774,32,4,0.1,1,3.918079623154232,0.34435665914221225
775,32,4,0.1,100,3.918079623154232,0.3818284424379233
776,32,4,0.1,200,3.918079623154232,0.40451467268623026
777,32,4,0.1,400,3.918079623154232,0.37832957110609483
778,32,4,0.1,800,3.918079623154232,0.3730248306997742
779,32,4,0.1,1600,3.918079623154232,0.3799097065462754
780,32,8,0.001,1,3.918079623154232,0.3465011286681715
781,32,8,0.001,100,3.918079623154232,0.3174943566591422
782,32,8,0.001,200,3.918079623154232,0.3431151241534989
783,32,8,0.001,400,3.918079623154232,0.3520316027088036
784,32,8,0.001,800,3.918079623154232,0.33713318284424376
785,32,8,0.001,1600,3.918079623154232,0.3442437923250564
786,32,8,0.005,1,3.918079623154232,0.3290067720090294
787,32,8,0.005,100,3.918079623154232,0.3590293453724605
788,32,8,0.005,200,3.918079623154232,0.35349887133182845
789,32,8,0.005,400,3.918079623154232,0.3512415349887133
790,32,8,0.005,800,3.918079623154232,0.3164785553047405
791,32,8,0.005,1600,3.918079623154232,0.3147855530474041
792,32,8,0.01,1,3.918079623154232,0.36749435665914226
793,32,8,0.01,100,3.918079623154232,0.33374717832957107
794,32,8,0.01,200,3.918079623154232,0.3523702031602709
795,32,8,0.01,400,3.918079623154232,0.354176072234763
796,32,8,0.01,800,3.918079623154232,0.3312641083521445
797,32,8,0.01,1600,3.918079623154232,0.3374717832957111
798,32,8,0.05,1,3.918079623154232,0.3344243792325056
799,32,8,0.05,100,3.918079623154232,0.3688487584650113
800,32,8,0.05,200,3.918079623154232,0.3524830699774267
801,32,8,0.05,400,3.918079623154232,0.42313769751693
802,32,8,0.05,800,3.918079623154232,0.3594808126410835
803,32,8,0.05,1600,3.918079623154232,0.3556433408577878
804,32,8,0.1,1,3.918079623154232,0.363882618510158
805,32,8,0.1,100,3.918079623154232,0.3873589164785553
806,32,8,0.1,200,3.918079623154232,0.35383747178329567
807,32,8,0.1,400,3.918079623154232,0.3627539503386005
808,32,8,0.1,800,3.918079623154232,0.37370203160270876
809,32,8,0.1,1600,3.918079623154232,0.39469525959367946
810,32,16,0.001,1,3.918079623154232,0.31930022573363437
811,32,16,0.001,100,3.918079623154232,0.33115124153498876
812,32,16,0.001,200,3.918079623154232,0.3580135440180587
813,32,16,0.001,400,3.918079623154232,0.33115124153498876
814,32,16,0.001,800,3.918079623154232,0.33340857787810385
815,32,16,0.001,1600,3.918079623154232,0.3344243792325057
816,32,16,0.005,1,3.918079623154232,0.32663656884875847
817,32,16,0.005,100,3.918079623154232,0.3198645598194132
818,32,16,0.005,200,3.918079623154232,0.3467268623024831
819,32,16,0.005,400,3.918079623154232,0.3197516930022573
820,32,16,0.005,800,3.918079623154232,0.35474040632054177
821,32,16,0.005,1600,3.918079623154232,0.3386004514672686
822,32,16,0.01,1,3.918079623154232,0.33397291196388257
823,32,16,0.01,100,3.918079623154232,0.35575620767494354
824,32,16,0.01,200,3.918079623154232,0.36534988713318284
825,32,16,0.01,400,3.918079623154232,0.35632054176072236
826,32,16,0.01,800,3.918079623154232,0.34469525959367947
827,32,16,0.01,1600,3.918079623154232,0.34898419864559826
828,32,16,0.05,1,3.918079623154232,0.34695259593679456
829,32,16,0.05,100,3.918079623154232,0.37686230248307
830,32,16,0.05,200,3.918079623154232,0.37674943566591423
831,32,16,0.05,400,3.918079623154232,0.36489841986455984
832,32,16,0.05,800,3.918079623154232,0.3618510158013545
833,32,16,0.05,1600,3.918079623154232,0.36467268623024834
834,32,16,0.1,1,3.918079623154232,0.3430022573363431
835,32,16,0.1,100,3.918079623154232,0.4022573363431151
836,32,16,0.1,200,3.918079623154232,0.38002257336343115
837,32,16,0.1,400,3.918079623154232,0.38363431151241534
838,32,16,0.1,800,3.918079623154232,0.3750564334085779
839,32,16,0.1,1600,3.918079623154232,0.39887133182844253
840,32,32,0.001,1,3.918079623154232,0.31568848758465007
841,32,32,0.001,100,3.918079623154232,0.3341986455981941
842,32,32,0.001,200,3.918079623154232,0.31941309255079003
843,32,32,0.001,400,3.918079623154232,0.3492099322799097
844,32,32,0.001,800,3.918079623154232,0.33148984198645604
845,32,32,0.001,1600,3.918079623154232,0.3349887133182844
846,32,32,0.005,1,3.918079623154232,0.32810383747178334
847,32,32,0.005,100,3.918079623154232,0.34334085778781037
848,32,32,0.005,200,3.918079623154232,0.3776523702031603
849,32,32,0.005,400,3.918079623154232,0.323589164785553
850,32,32,0.005,800,3.918079623154232,0.35169300225733635
851,32,32,0.005,1600,3.918079623154232,0.3426636568848759
852,32,32,0.01,1,3.918079623154232,0.31952595936794587
853,32,32,0.01,100,3.918079623154232,0.3463882618510158
854,32,32,0.01,200,3.918079623154232,0.37370203160270876
855,32,32,0.01,400,3.918079623154232,0.38498871331828444
856,32,32,0.01,800,3.918079623154232,0.3846501128668171
857,32,32,0.01,1600,3.918079623154232,0.3717832957110609
858,32,32,0.05,1,3.918079623154232,0.327313769751693
859,32,32,0.05,100,3.918079623154232,0.40395033860045143
860,32,32,0.05,200,3.918079623154232,0.36975169300225735
861,32,32,0.05,400,3.918079623154232,0.3775395033860045
862,32,32,0.05,800,3.918079623154232,0.3917607223476298
863,32,32,0.05,1600,3.918079623154232,0.3888261851015801
864,32,32,0.1,1,3.918079623154232,0.33656884875846504
865,32,32,0.1,100,3.918079623154232,0.3760722347629797
866,32,32,0.1,200,3.918079623154232,0.3924379232505643
867,32,32,0.1,400,3.918079623154232,0.4047404063205418
868,32,32,0.1,800,3.918079623154232,0.35327313769751695
869,32,32,0.1,1600,3.918079623154232,0.3524830699774267
870,32,64,0.001,1,3.918079623154232,0.3267494356659142
871,32,64,0.001,100,3.918079623154232,0.3296839729119639
872,32,64,0.001,200,3.918079623154232,0.3353273137697516
873,32,64,0.001,400,3.918079623154232,0.34717832957110606
874,32,64,0.001,800,3.918079623154232,0.3427765237020316
875,32,64,0.001,1600,3.918079623154232,0.3556433408577878
876,32,64,0.005,1,3.918079623154232,0.30936794582392774
877,32,64,0.005,100,3.918079623154232,0.349548532731377
878,32,64,0.005,200,3.918079623154232,0.34063205417607223
879,32,64,0.005,400,3.918079623154232,0.3683972911963883
880,32,64,0.005,800,3.918079623154232,0.3533860045146727
881,32,64,0.005,1600,3.918079623154232,0.3442437923250564
882,32,64,0.01,1,3.918079623154232,0.33013544018058694
883,32,64,0.01,100,3.918079623154232,0.34051918735891645
884,32,64,0.01,200,3.918079623154232,0.3527088036117381
885,32,64,0.01,400,3.918079623154232,0.3340857787810384
886,32,64,0.01,800,3.918079623154232,0.3465011286681715
887,32,64,0.01,1600,3.918079623154232,0.3890519187358917
888,32,64,0.05,1,3.918079623154232,0.3351015801354401
889,32,64,0.05,100,3.918079623154232,0.3831828442437923
890,32,64,0.05,200,3.918079623154232,0.399548532731377
891,32,64,0.05,400,3.918079623154232,0.41297968397291196
892,32,64,0.05,800,3.918079623154232,0.4074492099322799
893,32,64,0.05,1600,3.918079623154232,0.39841986455981937
894,32,64,0.1,1,3.918079623154232,0.3511286681715575
895,32,64,0.1,100,3.918079623154232,0.3732505643340857
896,32,64,0.1,200,3.918079623154232,0.3660270880361174
897,32,64,0.1,400,3.918079623154232,0.3802483069977426
898,32,64,0.1,800,3.918079623154232,0.3922121896162528
899,32,64,0.1,1600,3.918079623154232,0.377765237020316
900,64,1,0.001,1,3.917602113315037,0.327313769751693
901,64,1,0.001,100,3.917602113315037,0.3426636568848759
902,64,1,0.001,200,3.917602113315037,0.3303611738148985
903,64,1,0.001,400,3.917602113315037,0.3329571106094808
904,64,1,0.001,800,3.917602113315037,0.3256207674943567
905,64,1,0.001,1600,3.917602113315037,0.32234762979683973
906,64,1,0.005,1,3.917602113315037,0.32607223476297975
907,64,1,0.005,100,3.917602113315037,0.34334085778781037
908,64,1,0.005,200,3.917602113315037,0.3343115124153499
909,64,1,0.005,400,3.917602113315037,0.34740406320541756
910,64,1,0.005,800,3.917602113315037,0.3476297968397291
911,64,1,0.005,1600,3.917602113315037,0.33848758465011286
912,64,1,0.01,1,3.917602113315037,0.3533860045146726
913,64,1,0.01,100,3.917602113315037,0.32957110609480816
914,64,1,0.01,200,3.917602113315037,0.32246049661399545
915,64,1,0.01,400,3.917602113315037,0.3330699774266366
916,64,1,0.01,800,3.917602113315037,0.3463882618510158
917,64,1,0.01,1600,3.917602113315037,0.345823927765237
918,64,1,0.05,1,3.917602113315037,0.32200902934537246
919,64,1,0.05,100,3.917602113315037,0.3461625282167043
920,64,1,0.05,200,3.917602113315037,0.36501128668171556
921,64,1,0.05,400,3.917602113315037,0.36106094808126415
922,64,1,0.05,800,3.917602113315037,0.3739277652370203
923,64,1,0.05,1600,3.917602113315037,0.3466139954853273
924,64,1,0.1,1,3.917602113315037,0.3234762979683973
925,64,1,0.1,100,3.917602113315037,0.38487584650112866
926,64,1,0.1,200,3.917602113315037,0.3549661399548533
927,64,1,0.1,400,3.917602113315037,0.38589164785553043
928,64,1,0.1,800,3.917602113315037,0.37313769751693004
929,64,1,0.1,1600,3.917602113315037,0.3781038374717833
930,64,4,0.001,1,3.917602113315037,0.3380361173814898
931,64,4,0.001,100,3.917602113315037,0.33318284424379235
932,64,4,0.001,200,3.917602113315037,0.3335214446952596
933,64,4,0.001,400,3.917602113315037,0.33521444695259595
934,64,4,0.001,800,3.917602113315037,0.32110609480812646
935,64,4,0.001,1600,3.917602113315037,0.32697516930022574
936,64,4,0.005,1,3.917602113315037,0.32404063205417605
937,64,4,0.005,100,3.917602113315037,0.3268623024830699
938,64,4,0.005,200,3.917602113315037,0.3323927765237021
939,64,4,0.005,400,3.917602113315037,0.35440180586907455
940,64,4,0.005,800,3.917602113315037,0.31941309255079003
941,64,4,0.005,1600,3.917602113315037,0.34063205417607223
942,64,4,0.01,1,3.917602113315037,0.3240406320541761
943,64,4,0.01,100,3.917602113315037,0.330135440180587
944,64,4,0.01,200,3.917602113315037,0.30417607223476295
945,64,4,0.01,400,3.917602113315037,0.33081264108352143
946,64,4,0.01,800,3.917602113315037,0.31173814898419866
947,64,4,0.01,1600,3.917602113315037,0.33340857787810385
948,64,4,0.05,1,3.917602113315037,0.3072234762979684
949,64,4,0.05,100,3.917602113315037,0.3531602708803611
950,64,4,0.05,200,3.917602113315037,0.34819413092550794
951,64,4,0.05,400,3.917602113315037,0.34164785553047405
952,64,4,0.05,800,3.917602113315037,0.354627539503386
953,64,4,0.05,1600,3.917602113315037,0.349097065462754
954,64,4,0.1,1,3.917602113315037,0.359255079006772
955,64,4,0.1,100,3.917602113315037,0.37460496613995486
956,64,4,0.1,200,3.917602113315037,0.40124153498871334
957,64,4,0.1,400,3.917602113315037,0.3778781038374717
958,64,4,0.1,800,3.917602113315037,0.3744920993227991
959,64,4,0.1,1600,3.917602113315037,0.3739277652370203
960,64,8,0.001,1,3.917602113315037,0.3232505643340858
961,64,8,0.001,100,3.917602113315037,0.3126410835214447
962,64,8,0.001,200,3.917602113315037,0.32471783295711065
963,64,8,0.001,400,3.917602113315037,0.341196388261851
964,64,8,0.001,800,3.917602113315037,0.3295711060948082
965,64,8,0.001,1600,3.917602113315037,0.3276523702031603
966,64,8,0.005,1,3.917602113315037,0.3381489841986456
967,64,8,0.005,100,3.917602113315037,0.3399548532731377
968,64,8,0.005,200,3.917602113315037,0.33002257336343116
969,64,8,0.005,400,3.917602113315037,0.33893905191873586
970,64,8,0.005,800,3.917602113315037,0.33690744920993226
971,64,8,0.005,1600,3.917602113315037,0.32844243792325056
972,64,8,0.01,1,3.917602113315037,0.3311512415349887
973,64,8,0.01,100,3.917602113315037,0.3396162528216704
974,64,8,0.01,200,3.917602113315037,0.34040632054176073
975,64,8,0.01,400,3.917602113315037,0.33927765237020313
976,64,8,0.01,800,3.917602113315037,0.3363431151241535
977,64,8,0.01,1600,3.917602113315037,0.3133182844243792
978,64,8,0.05,1,3.917602113315037,0.32957110609480816
979,64,8,0.05,100,3.917602113315037,0.354176072234763
980,64,8,0.05,200,3.917602113315037,0.37223476297968394
981,64,8,0.05,400,3.917602113315037,0.3432279909706546
982,64,8,0.05,800,3.917602113315037,0.3547404063205418
983,64,8,0.05,1600,3.917602113315037,0.36309255079006775
984,64,8,0.1,1,3.917602113315037,0.3216704288939052
985,64,8,0.1,100,3.917602113315037,0.4091422121896162
986,64,8,0.1,200,3.917602113315037,0.37539503386004514
987,64,8,0.1,400,3.917602113315037,0.35914221218961623
988,64,8,0.1,800,3.917602113315037,0.36986455981941313
989,64,8,0.1,1600,3.917602113315037,0.40146726862302484
990,64,16,0.001,1,3.917602113315037,0.33893905191873597
991,64,16,0.001,100,3.917602113315037,0.3278781038374718
992,64,16,0.001,200,3.917602113315037,0.3227990970654627
993,64,16,0.001,400,3.917602113315037,0.31388261851015803
994,64,16,0.001,800,3.917602113315037,0.33577878103837466
995,64,16,0.001,1600,3.917602113315037,0.3450338600451467
996,64,16,0.005,1,3.917602113315037,0.3454853273137698
997,64,16,0.005,100,3.917602113315037,0.35383747178329567
998,64,16,0.005,200,3.917602113315037,0.3326185101580136
999,64,16,0.005,400,3.917602113315037,0.32381489841986466
1000,64,16,0.005,800,3.917602113315037,0.3249435665914221
1001,64,16,0.005,1600,3.917602113315037,0.3428893905191873
1002,64,16,0.01,1,3.917602113315037,0.32844243792325056
1003,64,16,0.01,100,3.917602113315037,0.33092550790067715
1004,64,16,0.01,200,3.917602113315037,0.3415349887133182
1005,64,16,0.01,400,3.917602113315037,0.33972911963882624
1006,64,16,0.01,800,3.917602113315037,0.35191873589164785
1007,64,16,0.01,1600,3.917602113315037,0.3372460496613995
1008,64,16,0.05,1,3.917602113315037,0.3363431151241535
1009,64,16,0.05,100,3.917602113315037,0.39977426636568847
1010,64,16,0.05,200,3.917602113315037,0.368961625282167
1011,64,16,0.05,400,3.917602113315037,0.3734762979683973
1012,64,16,0.05,800,3.917602113315037,0.36422121896162524
1013,64,16,0.05,1600,3.917602113315037,0.35722347629796836
1014,64,16,0.1,1,3.917602113315037,0.33374717832957107
1015,64,16,0.1,100,3.917602113315037,0.37042889390519196
1016,64,16,0.1,200,3.917602113315037,0.3817155756207675
1017,64,16,0.1,400,3.917602113315037,0.3787810383747178
1018,64,16,0.1,800,3.917602113315037,0.36444695259593674
1019,64,16,0.1,1600,3.917602113315037,0.3604966139954854
1020,64,32,0.001,1,3.917602113315037,0.3346501128668172
1021,64,32,0.001,100,3.917602113315037,0.33250564334085775
1022,64,32,0.001,200,3.917602113315037,0.3316027088036117
1023,64,32,0.001,400,3.917602113315037,0.3423250564334086
1024,64,32,0.001,800,3.917602113315037,0.3582392776523702
1025,64,32,0.001,1600,3.917602113315037,0.33295711060948086
1026,64,32,0.005,1,3.917602113315037,0.33137697516930026
1027,64,32,0.005,100,3.917602113315037,0.33984198645598196
1028,64,32,0.005,200,3.917602113315037,0.36636568848758466
1029,64,32,0.005,400,3.917602113315037,0.3082392776523702
1030,64,32,0.005,800,3.917602113315037,0.34706546275395034
1031,64,32,0.005,1600,3.917602113315037,0.31568848758465007
1032,64,32,0.01,1,3.917602113315037,0.34503386004514675
1033,64,32,0.01,100,3.917602113315037,0.36715575620767493
1034,64,32,0.01,200,3.917602113315037,0.3695259593679458
1035,64,32,0.01,400,3.917602113315037,0.3510158013544018
1036,64,32,0.01,800,3.917602113315037,0.32370203160270883
1037,64,32,0.01,1600,3.917602113315037,0.36693002257336343
1038,64,32,0.05,1,3.917602113315037,0.35609480812641087
1039,64,32,0.05,100,3.917602113315037,0.34943566591422126
1040,64,32,0.05,200,3.917602113315037,0.35304740406320534
1041,64,32,0.05,400,3.917602113315037,0.34198645598194133
1042,64,32,0.05,800,3.917602113315037,0.4050790067720091
1043,64,32,0.05,1600,3.917602113315037,0.3695259593679458
1044,64,32,0.1,1,3.917602113315037,0.34683972911963884
1045,64,32,0.1,100,3.917602113315037,0.4057562076749435
1046,64,32,0.1,200,3.917602113315037,0.3975169300225733
1047,64,32,0.1,400,3.917602113315037,0.36580135440180583
1048,64,32,0.1,800,3.917602113315037,0.3872460496613995
1049,64,32,0.1,1600,3.917602113315037,0.36851015801354403
1050,64,64,0.001,1,3.917602113315037,0.35372460496614
1051,64,64,0.001,100,3.917602113315037,0.33487584650112867
1052,64,64,0.001,200,3.917602113315037,0.344920993227991
1053,64,64,0.001,400,3.917602113315037,0.3171557562076749
1054,64,64,0.001,800,3.917602113315037,0.31207674943566593
1055,64,64,0.001,1600,3.917602113315037,0.3316027088036117
1056,64,64,0.005,1,3.917602113315037,0.341647855530474
1057,64,64,0.005,100,3.917602113315037,0.3330699774266365
1058,64,64,0.005,200,3.917602113315037,0.3678329571106095
1059,64,64,0.005,400,3.917602113315037,0.35
1060,64,64,0.005,800,3.917602113315037,0.3404063205417606
1061,64,64,0.005,1600,3.917602113315037,0.35056433408577875
1062,64,64,0.01,1,3.917602113315037,0.3247178329571106
1063,64,64,0.01,100,3.917602113315037,0.3396162528216705
1064,64,64,0.01,200,3.917602113315037,0.3336343115124153
1065,64,64,0.01,400,3.917602113315037,0.3689616252821671
1066,64,64,0.01,800,3.917602113315037,0.3432279909706546
1067,64,64,0.01,1600,3.917602113315037,0.34627539503386007
1068,64,64,0.05,1,3.917602113315037,0.30801354401805875
1069,64,64,0.05,100,3.917602113315037,0.37776523702031606
1070,64,64,0.05,200,3.917602113315037,0.363882618510158
1071,64,64,0.05,400,3.917602113315037,0.3613995485327314
1072,64,64,0.05,800,3.917602113315037,0.359255079006772
1073,64,64,0.05,1600,3.917602113315037,0.3778781038374718
1074,64,64,0.1,1,3.917602113315037,0.3116252821670429
1075,64,64,0.1,100,3.917602113315037,0.38013544018058687
1076,64,64,0.1,200,3.917602113315037,0.3939051918735892
1077,64,64,0.1,400,3.917602113315037,0.40056433408577874
1078,64,64,0.1,800,3.917602113315037,0.4036117381489842
1079,64,64,0.1,1600,3.917602113315037,0.36941309255079
